value,token
#006d70,--ty-copper-700
#007476,--ty-copper-700
#00777a,--ty-copper-700
#00797c,--ty-copper-700
#007f89,--ty-copper-600
#008b8b,--ty-copper-700
#00a3aa,--ty-copper-700
#061c31,--ty-navy-900
#061f35,--ty-navy-900
#06243f,--ty-navy-800
#062a4a,--ty-navy-800
#06636a,--ty-copper-700
#066d70,--ty-copper-700
#072a47,--ty-navy-800
#075e67,--ty-copper-700
#076f73,--ty-copper-700
#076f77,--ty-copper-700
#078488,--ty-copper-700
#082b47,--ty-navy-800
#082d4a,--ty-navy-800
#082f55,--ty-navy-700
#087c83,--ty-copper-700
#087f83,--ty-copper-700
#087f84,--ty-copper-700
#087f86,--ty-copper-700
#0a1d2d,--ty-navy-900
#0a2540,--ty-navy-800
#0a2943,--ty-navy-800
#0a324d,--ty-navy-700
#0a355d,--ty-navy-700
#0a3a53,--ty-navy-700
#0a5680,--ty-navy-600
#0a6f74,--ty-copper-700
#0a7680,--ty-copper-700
#0a7f84,--ty-copper-700
#0a8b8d,--ty-copper-700
#0b2032,--ty-navy-900
#0b263a,--ty-navy-800
#0b2942,--ty-navy-800
#0b2943,--ty-navy-800
#0b2d47,--ty-navy-800
#0b4661,--ty-navy-600
#0b4775,--ty-navy-600
#0b5b70,--ty-copper-700
#0b5b91,--ty-navy-500
#0b6175,--ty-copper-700
#0b6670,--ty-copper-700
#0b6974,--ty-copper-700
#0b7790,--ty-copper-700
#0b7d82,--ty-copper-700
#0b7f84,--ty-copper-700
#0b8f93,--ty-copper-700
#0c1f31,--ty-navy-900
#0c2032,--ty-navy-900
#0c2b40,--ty-navy-800
#0c6976,--ty-copper-700
#0c7580,--ty-copper-700
#0d2235,--ty-navy-900
#0f1a24,--ty-navy-900
#101820,--ty-navy-900
#10243a,--ty-navy-800
#10283b,--ty-navy-800
#102a40,--ty-navy-800
#102e46,--ty-navy-800
#103353,--ty-navy-700
#12344a,--ty-navy-700
#123c54,--ty-navy-700
#123e5c,--ty-navy-700
#123f6d,--ty-navy-600
#13283b,--ty-navy-800
#132f45,--ty-navy-800
#133f60,--ty-navy-700
#145b83,--ty-navy-500
#153f5b,--ty-navy-700
#15545d,--ty-copper-700
#163247,--ty-navy-700
#16384c,--ty-navy-700
#163f59,--ty-navy-700
#163f5c,--ty-navy-700
#1676a5,--ty-navy-500
#168e9a,--ty-copper-700
#17212b,--ty-navy-900
#173248,--ty-navy-700
#17324d,--ty-navy-700
#173348,--ty-navy-700
#17384f,--ty-navy-700
#173b50,--ty-navy-700
#173d5b,--ty-navy-700
#173e52,--ty-navy-700
#173e58,--ty-navy-700
#173e59,--ty-navy-700
#173f5b,--ty-navy-700
#173f63,--ty-navy-600
#17577e,--ty-copper-700
#18222c,--ty-navy-900
#183247,--ty-navy-700
#18324d,--ty-navy-700
#18364a,--ty-navy-700
#183b56,--ty-navy-700
#183e63,--ty-navy-600
#19384b,--ty-navy-700
#1a9eaa,--ty-copper-700
#1b4570,--ty-navy-600
#1d5f9f,--ty-navy-500
#203b50,--ty-navy-700
#203e51,--ty-navy-700
#208e9c,--ty-copper-700
#21384f,--ty-navy-700
#214e78,--ty-navy-600
#22303b,--ty-navy-800
#22384b,--ty-navy-700
#23384b,--ty-navy-700
#234e6d,--ty-navy-600
#24384a,--ty-navy-700
#24485b,--ty-navy-600
#245f96,--ty-navy-500
#255f93,--ty-navy-500
#285568,--ty-navy-600
#294051,--ty-navy-700
#29465c,--ty-navy-600
#294b60,--ty-navy-600
#2a5d8f,--ty-navy-500
#2b7e93,--ty-copper-700
#2f6677,--ty-copper-700
#2f6f9f,--ty-navy-500
#31526a,--ty-navy-600
#31536c,--ty-navy-600
#324e60,--ty-navy-600
#334a5c,--ty-navy-600
#334b5f,--ty-navy-600
#34495b,--ty-navy-600
#344d62,--ty-navy-600
#365165,--ty-navy-600
#36566a,--ty-navy-600
#365766,--ty-navy-600
#374754,--ty-navy-600
#385065,--ty-navy-600
#385066,--ty-navy-600
#385867,--ty-navy-600
#405366,--ty-navy-600
#40566a,--ty-navy-600
#40576b,--ty-navy-600
#40586a,--ty-navy-600
#40647d,--ty-navy-500
#41566a,--ty-navy-600
#415f6e,--ty-navy-500
#435f6d,--ty-navy-500
#465764,--ty-navy-600
#465a6b,--ty-navy-500
#496476,--ty-navy-500
#496577,--ty-navy-500
#496775,--ty-navy-500
#4a6070,--ty-navy-500
#4b6573,--ty-navy-500
#4c6070,--ty-navy-500
#4d6575,--ty-navy-500
#4d697a,--ty-navy-500
#4e5f6f,--ty-navy-500
#4f6574,--ty-navy-500
#52606d,--ty-n-600
#526472,--ty-navy-500
#526779,--ty-navy-500
#526b7a,--ty-navy-500
#526b7b,--ty-navy-500
#526e7d,--ty-navy-500
#527084,--ty-navy-500
#536272,--ty-navy-500
#536577,--ty-navy-500
#536b78,--ty-navy-500
#55a046,--ty-n-600
#566672,--ty-n-600
#566c7c,--ty-navy-500
#567080,--ty-navy-500
#586c7c,--ty-navy-500
#587082,--ty-navy-500
#58778b,--ty-navy-500
#5a7180,--ty-navy-500
#5b7180,--ty-navy-500
#5b7181,--ty-navy-500
#5c7383,--ty-navy-500
#5d7181,--ty-navy-500
#5e6b76,--ty-n-600
#5e6f7c,--ty-n-500
#5e7181,--ty-navy-500
#5e7483,--ty-navy-500
#5f7284,--ty-navy-500
#5f7385,--ty-navy-500
#5f7386,--ty-navy-500
#5f7484,--ty-navy-500
#607384,--ty-navy-500
#607483,--ty-navy-500
#607486,--ty-navy-500
#60758a,--ty-navy-500
#617688,--ty-navy-500
#617d90,--ty-navy-500
#62778b,--ty-navy-500
#627b94,--ty-navy-500
#64748b,--ty-navy-500
#647687,--ty-navy-500
#64798a,--ty-navy-500
#64798d,--ty-navy-500
#657386,--ty-n-500
#657987,--ty-n-500
#65798c,--ty-navy-500
#667786,--ty-n-500
#667a8d,--ty-navy-500
#667b89,--ty-navy-500
#667b8a,--ty-navy-500
#667d91,--ty-navy-500
#687784,--ty-n-500
#687a88,--ty-n-500
#687f8e,--ty-navy-500
#688090,--ty-navy-500
#6a7d90,--ty-navy-500
#6b7075,--ty-n-500
#6b7984,--ty-n-500
#6b7c8c,--ty-n-500
#6b7d8c,--ty-n-500
#6d8290,--ty-n-500
#6d8398,--ty-navy-500
#6e7e8a,--ty-n-500
#6f8395,--ty-navy-500
#708490,--ty-n-500
#71808c,--ty-n-500
#718092,--ty-n-500
#718491,--ty-n-500
#718592,--ty-n-500
#718695,--ty-navy-500
#71dce9,--ty-copper-300
#72d3d1,--ty-copper-300
#72ded3,--ty-copper-300
#73808b,--ty-n-500
#738293,--ty-n-500
#738594,--ty-n-500
#738995,--ty-n-500
#75879a,--ty-navy-500
#75e0d2,--ty-copper-300
#7790a3,--ty-navy-500
#7890a1,--ty-navy-500
#7890a6,--ty-navy-500
#7990a0,--ty-navy-500
#7a8792,--ty-n-500
#7a8793,--ty-n-500
#7a8995,--ty-n-500
#7a8d98,--ty-n-500
#7a8d99,--ty-n-500
#7a909e,--ty-navy-500
#7aabb8,--ty-copper-300
#7b8c9d,--ty-navy-500
#7d939f,--ty-navy-500
#7e91a1,--ty-navy-500
#7f9aac,--ty-navy-500
#7faab4,--ty-copper-300
#80909b,--ty-n-500
#80919d,--ty-n-400
#8093a5,--ty-navy-500
#8095a3,--ty-navy-500
#80d7d3,--ty-copper-300
#8193a0,--ty-n-400
#8296a6,--ty-navy-500
#82a9c1,--ty-navy-500
#82afc8,--ty-navy-500
#83eadc,--ty-n-300
#85a9c0,--ty-navy-500
#86a2b4,--ty-navy-500
#8795a1,--ty-n-400
#8a9aa5,--ty-n-400
#8aaeb8,--ty-n-400
#8ba0b4,--ty-navy-500
#8be2ed,--ty-n-300
#8cb2ca,--ty-navy-500
#8da0ad,--ty-navy-500
#8daeba,--ty-navy-500
#8db3cc,--ty-navy-500
#8ef0e2,--ty-n-300
#8fa9ba,--ty-navy-500
#8fb4ca,--ty-navy-500
#91b8ce,--ty-navy-500
#91b9d0,--ty-navy-500
#94a3b1,--ty-navy-500
#94aebb,--ty-navy-500
#94bed5,--ty-navy-500
#9a4e1c,--ty-copper-700
#9aabb5,--ty-navy-500
#9ab5c3,--ty-navy-500
#9bb6c3,--ty-navy-500
#9bb7c6,--ty-navy-500
#9dbcc9,--ty-navy-500
#9df3ff,--ty-n-300
#9eb8c1,--ty-navy-500
#9ec1d6,--ty-navy-500
#9ed8df,--ty-n-300
#9fb2bf,--ty-navy-500
#9fb7c4,--ty-navy-500
#9fc4da,--ty-navy-500
#9fd7df,--ty-n-300
#a4b4be,--ty-navy-500
#a6bac7,--ty-navy-500
#a7bac8,--ty-navy-500
#a8b9c3,--ty-navy-500
#a8becb,--ty-navy-500
#a9bdc8,--ty-navy-500
#a9bdcb,--ty-navy-500
#a9c1cd,--ty-navy-500
#aabcc9,--ty-navy-500
#aac6cf,--ty-navy-500
#adc4d1,--ty-navy-500
#aebcc8,--ty-navy-500
#aebfca,--ty-navy-500
#aec0cd,--ty-navy-500
#afc4cf,--ty-navy-500
#b05e22,--ty-copper-600
#b4c5d0,--ty-navy-500
#b5f2f9,--ty-n-200
#b7c3cc,--ty-navy-500
#b7c9d3,--ty-navy-500
#b8c9d4,--ty-navy-500
#b8dbe4,--ty-n-300
#b9c7ce,--ty-navy-500
#b9cddd,--ty-navy-500
#b9d4df,--ty-navy-500
#b9ecf2,--ty-n-200
#bac9d2,--ty-navy-500
#bdd0d9,--ty-navy-500
#bed1da,--ty-navy-500
#bfcfd9,--ty-navy-500
#bfd0d9,--ty-navy-500
#bfd2dc,--ty-navy-500
#bfe1e4,--ty-n-300
#c1d0d8,--ty-navy-500
#c2ccd6,--ty-navy-500
#c2d2dc,--ty-navy-500
#c3d2dc,--ty-navy-500
#c4d6df,--ty-navy-500
#c4d6e0,--ty-navy-500
#c62a2f,--ty-copper-600
#c6d4df,--ty-navy-500
#c7d8df,--ty-navy-500
#c8d8e1,--ty-navy-500
#c97a3c,--ty-copper-500
#c9d8de,--ty-navy-500
#c9d8e2,--ty-navy-500
#c9dae2,--ty-navy-500
#cad8df,--ty-navy-500
#cbd6df,--ty-navy-500
#cbd8df,--ty-navy-500
#cbd8e3,--ty-navy-500
#cbd9df,--ty-navy-500
#cbdbe2,--ty-navy-500
#cbdce5,--ty-n-200
#ccd7df,--ty-navy-500
#cfdae0,--ty-n-200
#cfdee6,--ty-n-200
#d2dee4,--ty-n-200
#d3dfe8,--ty-n-200
#d3e0e7,--ty-n-200
#d3e1ec,--ty-n-200
#d4e0e5,--ty-n-200
#d4e0e8,--ty-n-200
#d4e1e7,--ty-n-200
#d6dfe6,--ty-n-200
#d6e0e8,--ty-n-200
#d6e1e7,--ty-n-200
#d6e2e7,--ty-n-200
#d7e0e6,--ty-n-200
#d7e1e6,--ty-n-200
#d7e2e7,--ty-n-200
#d7e2e9,--ty-n-200
#d8e0e8,--ty-n-200
#d8e1e5,--ty-n-200
#d8e2e6,--ty-n-200
#d8e2e7,--ty-n-200
#d8e3e9,--ty-n-200
#d8e3eb,--ty-n-200
#d8e5eb,--ty-n-200
#d8e5ec,--ty-n-200
#d8eef3,--ty-n-200
#d9e0e6,--ty-n-200
#d9e2e7,--ty-n-200
#d9e3e8,--ty-n-200
#d9e3ec,--ty-n-200
#d9e4ea,--ty-n-200
#d9e4ec,--ty-n-200
#d9e8ee,--ty-n-200
#d9e8f1,--ty-n-200
#dbe2e7,--ty-n-200
#dbe5ea,--ty-n-200
#dbe5eb,--ty-n-200
#dbe6eb,--ty-n-200
#dbe7f2,--ty-n-200
#dce3ea,--ty-n-200
#dce4e9,--ty-n-200
#dce5e9,--ty-n-200
#dce5ea,--ty-n-200
#dce5eb,--ty-n-200
#dce5ec,--ty-n-200
#dce5ed,--ty-n-200
#dce7ed,--ty-n-200
#dce7ef,--ty-n-200
#dfe6eb,--ty-n-200
#dfe7ed,--ty-n-200
#dfe8ec,--ty-n-200
#dfe8ed,--ty-n-200
#dfe9ee,--ty-n-200
#dfe9f1,--ty-n-200
#e04449,--ty-copper-500
#e0e7ea,--ty-n-200
#e0e8ec,--ty-n-200
#e1e7eb,--ty-n-200
#e1e9ed,--ty-n-200
#e1edf2,--ty-n-100
#e2e9ed,--ty-n-200
#e2ebf2,--ty-n-100
#e3eaee,--ty-n-200
#e3eaf0,--ty-n-100
#e43c42,--ty-copper-500
#e5ebf0,--ty-n-100
#e5edf2,--ty-n-100
#e6edef,--ty-n-100
#e6edf2,--ty-n-100
#e6edf3,--ty-n-100
#e6f4f3,--ty-n-100
#e6f4f7,--ty-n-100
#e7eef3,--ty-n-100
#e7f0f3,--ty-n-100
#e7f4f7,--ty-n-100
#e8a86a,--ty-copper-300
#e8eef3,--ty-n-100
#e8f0f3,--ty-n-100
#e8f5f3,--ty-n-100
#e9eef1,--ty-n-100
#e9f4f3,--ty-n-100
#eaf0f5,--ty-n-100
#eaf1f4,--ty-n-100
#eaf2f6,--ty-n-100
#eaf2f7,--ty-n-100
#eaf4f5,--ty-n-100
#eaf5f5,--ty-n-100
#ecf0f4,--ty-n-100
#edf1f3,--ty-n-100
#edf1f5,--ty-n-100
#edf2f4,--ty-n-100
#edf2f5,--ty-n-100
#edf2f6,--ty-n-100
#edf3f6,--ty-n-100
#edf3f7,--ty-n-100
#edf4f5,--ty-n-100
#edf4f6,--ty-n-100
#edf4f7,--ty-n-100
#eef2f4,--ty-n-100
#eef3f5,--ty-n-100
#eef3f6,--ty-n-100
#eef3f7,--ty-n-100
#eef4f6,--ty-n-100
#eef4f8,--ty-n-100
#eef5f8,--ty-n-100
#eef5fb,--ty-n-50
#eef6f6,--ty-n-100
#eef7f7,--ty-n-100
#eef9f8,--ty-n-50
#f0f5f7,--ty-n-100
#f0f6fb,--ty-n-50
#f1f4f6,--ty-n-100
#f1f6f8,--ty-n-50
#f1f6fa,--ty-n-50
#f1f7f8,--ty-n-50
#f2f4f5,--ty-n-100
#f2f6f8,--ty-n-50
#f2f6f9,--ty-n-50
#f2f6fa,--ty-n-50
#f2f7f8,--ty-n-50
#f2f7f9,--ty-n-50
#f2f7fa,--ty-n-50
#f2f8f9,--ty-n-50
#f3f5f6,--ty-n-50
#f3f6f8,--ty-n-50
#f3f7f8,--ty-n-50
#f3f7f9,--ty-n-50
#f3f7fa,--ty-n-50
#f4f6f7,--ty-n-50
#f4f7f8,--ty-n-50
#f4f7f9,--ty-n-50
#f4f8f9,--ty-n-50
#f4f8fa,--ty-n-50
#f4f8fb,--ty-n-50
#f4f8fc,--ty-n-50
#f4f9fa,--ty-n-50
#f4f9fd,--ty-n-50
#f4fbfa,--ty-n-50
#f5f7f8,--ty-n-50
#f5f8fa,--ty-n-50
#f5f8fb,--ty-n-50
#f5f9fa,--ty-n-50
#f5f9fb,--ty-n-50
#f5f9fd,--ty-n-50
#f5fcff,--ty-n-50
#f6f8fa,--ty-n-50
#f6f9fa,--ty-n-50
#f6f9fb,--ty-n-50
#f6f9fc,--ty-n-50
#f7e6d6,--ty-n-100
#f7f9fa,--ty-n-50
#f7f9fb,--ty-n-50
#f7fafb,--ty-n-50
#f7fafc,--ty-n-50
#f7fbfd,--ty-n-50
#f8fafb,--ty-n-50
#f8fafc,--ty-n-50
#f8fbfc,--ty-n-50
#f8fbfd,--ty-n-50
#f9fbfc,--ty-n-50
#fafcfd,--ty-n-0
#fcfefe,--ty-n-0
#ff6a6f,--ty-copper-300
#ff8a8e,--ty-copper-300
#fff,--ty-n-0
#ffffff,--ty-n-0
"rgba(0, 23, 39, .25)",--ty-navy-900
"rgba(0,0,0,.17)",--ty-n-900
"rgba(0,0,0,.18)",--ty-n-900
"rgba(0,0,0,.22)",--ty-n-900
"rgba(0,0,0,.24)",--ty-n-900
"rgba(0,0,0,.30)",--ty-n-900
"rgba(0,0,0,.32)",--ty-n-900
"rgba(0,0,0,.34)",--ty-n-900
"rgba(0,0,0,.5)",--ty-n-900
"rgba(0,0,0,.55)",--ty-n-900
"rgba(0,0,0,.58)",--ty-n-900
"rgba(0,0,0,0)",--ty-n-900
"rgba(0,139,139,.28)",--ty-copper-700
"rgba(0,139,139,.4)",--ty-copper-700
"rgba(11,42,62,.75)",--ty-navy-800
"rgba(114,222,211,.12)",--ty-copper-300
"rgba(123,149,171,.18)",--ty-navy-500
"rgba(125,205,255,.55)",--ty-navy-500
"rgba(144,213,255,.42)",--ty-navy-500
"rgba(144,213,255,.56)",--ty-navy-500
"rgba(147,218,231,.42)",--ty-n-300
"rgba(147,218,231,.8)",--ty-n-300
"rgba(153,236,249,.55)",--ty-n-300
"rgba(16, 49, 76, .10)",--ty-navy-700
"rgba(16, 49, 76, .12)",--ty-navy-700
"rgba(16, 49, 76, .13)",--ty-navy-700
"rgba(16,36,58,.1)",--ty-navy-800
"rgba(16,36,58,.12)",--ty-navy-800
"rgba(16,46,70,.05)",--ty-navy-800
"rgba(16,46,70,.08)",--ty-navy-800
"rgba(16,46,70,.10)",--ty-navy-800
"rgba(16,46,70,.11)",--ty-navy-800
"rgba(16,46,70,.12)",--ty-navy-800
"rgba(16,46,70,.13)",--ty-navy-800
"rgba(16,46,70,.18)",--ty-navy-800
"rgba(16,46,70,.88)",--ty-navy-800
"rgba(16,46,70,.96)",--ty-navy-800
"rgba(16,46,70,.97)",--ty-navy-800
"rgba(17,62,90,.09)",--ty-navy-700
"rgba(178, 229, 239, .28)",--ty-n-300
"rgba(19,58,96,.08)",--ty-navy-700
"rgba(2,18,31,.78)",--ty-navy-900
"rgba(2,24,42,.92)",--ty-navy-900
"rgba(20,57,92,.07)",--ty-navy-700
"rgba(20,57,92,.1)",--ty-navy-700
"rgba(20,58,78,.05)",--ty-navy-700
"rgba(20,58,78,.08)",--ty-navy-700
"rgba(20,58,95,.07)",--ty-navy-700
"rgba(20,60,80,.08)",--ty-navy-700
"rgba(203,216,223,.9)",--ty-navy-500
"rgba(21,58,79,.05)",--ty-navy-700
"rgba(21,58,79,.16)",--ty-navy-700
"rgba(216,224,232,.92)",--ty-n-200
"rgba(22,59,94,.07)",--ty-navy-700
"rgba(224,68,73,.08)",--ty-copper-500
"rgba(224,68,73,.2)",--ty-copper-500
"rgba(224,68,73,.48)",--ty-copper-500
"rgba(224,68,73,.55)",--ty-copper-500
"rgba(224,68,73,.6)",--ty-copper-500
"rgba(224,68,73,.65)",--ty-copper-500
"rgba(224,68,73,.9)",--ty-copper-500
"rgba(228,60,66,.18)",--ty-copper-500
"rgba(228,60,66,.45)",--ty-copper-500
"rgba(23,58,91,.15)",--ty-navy-700
"rgba(23,74,120,.14)",--ty-navy-600
"rgba(23,87,126,.22)",--ty-navy-600
"rgba(247,250,251,.9)",--ty-n-50
"rgba(248,251,252,.94)",--ty-n-50
"rgba(249,252,253,.96)",--ty-n-50
"rgba(249,252,253,.97)",--ty-n-50
"rgba(25,60,78,.08)",--ty-navy-700
"rgba(255,255,255,.025)",--ty-n-0
"rgba(255,255,255,.035)",--ty-n-0
"rgba(255,255,255,.045)",--ty-n-0
"rgba(255,255,255,.05)",--ty-n-0
"rgba(255,255,255,.055)",--ty-n-0
"rgba(255,255,255,.06)",--ty-n-0
"rgba(255,255,255,.065)",--ty-n-0
"rgba(255,255,255,.07)",--ty-n-0
"rgba(255,255,255,.08)",--ty-n-0
"rgba(255,255,255,.1)",--ty-n-0
"rgba(255,255,255,.11)",--ty-n-0
"rgba(255,255,255,.12)",--ty-n-0
"rgba(255,255,255,.13)",--ty-n-0
"rgba(255,255,255,.14)",--ty-n-0
"rgba(255,255,255,.15)",--ty-n-0
"rgba(255,255,255,.16)",--ty-n-0
"rgba(255,255,255,.18)",--ty-n-0
"rgba(255,255,255,.22)",--ty-n-0
"rgba(255,255,255,.24)",--ty-n-0
"rgba(255,255,255,.28)",--ty-n-0
"rgba(255,255,255,.34)",--ty-n-0
"rgba(255,255,255,.35)",--ty-n-0
"rgba(255,255,255,.36)",--ty-n-0
"rgba(255,255,255,.4)",--ty-n-0
"rgba(255,255,255,.42)",--ty-n-0
"rgba(255,255,255,.45)",--ty-n-0
"rgba(255,255,255,.48)",--ty-n-0
"rgba(255,255,255,.5)",--ty-n-0
"rgba(255,255,255,.55)",--ty-n-0
"rgba(255,255,255,.56)",--ty-n-0
"rgba(255,255,255,.58)",--ty-n-0
"rgba(255,255,255,.62)",--ty-n-0
"rgba(255,255,255,.65)",--ty-n-0
"rgba(255,255,255,.67)",--ty-n-0
"rgba(255,255,255,.68)",--ty-n-0
"rgba(255,255,255,.7)",--ty-n-0
"rgba(255,255,255,.72)",--ty-n-0
"rgba(255,255,255,.76)",--ty-n-0
"rgba(255,255,255,.77)",--ty-n-0
"rgba(255,255,255,.78)",--ty-n-0
"rgba(255,255,255,.8)",--ty-n-0
"rgba(255,255,255,.82)",--ty-n-0
"rgba(255,255,255,.84)",--ty-n-0
"rgba(255,255,255,.86)",--ty-n-0
"rgba(255,255,255,.9)",--ty-n-0
"rgba(255,255,255,.92)",--ty-n-0
"rgba(255,255,255,.96)",--ty-n-0
"rgba(255,255,255,.97)",--ty-n-0
"rgba(28,67,103,.08)",--ty-navy-600
"rgba(29,95,159,.12)",--ty-navy-500
"rgba(29,95,159,.28)",--ty-navy-500
"rgba(3, 27, 53, .08)",--ty-navy-900
"rgba(3, 27, 53, .48)",--ty-navy-900
"rgba(3, 27, 53, .9)",--ty-navy-900
"rgba(3,25,44,.08)",--ty-navy-900
"rgba(3,25,44,.14)",--ty-navy-900
"rgba(3,25,44,.62)",--ty-navy-900
"rgba(3,25,44,.9)",--ty-navy-900
"rgba(3,28,48,.02)",--ty-navy-900
"rgba(3,28,48,.82)",--ty-navy-900
"rgba(3,30,52,.04)",--ty-navy-900
"rgba(3,30,52,.15)",--ty-navy-900
"rgba(3,30,52,.64)",--ty-navy-900
"rgba(30,75,99,.14)",--ty-navy-600
"rgba(4,28,46,.06)",--ty-navy-900
"rgba(4,28,46,.88)",--ty-navy-900
"rgba(4,28,46,.97)",--ty-navy-900
"rgba(4,31,50,.68)",--ty-navy-900
"rgba(42,105,144,.22)",--ty-navy-500
"rgba(42,83,104,.14)",--ty-navy-600
"rgba(48,111,150,.16)",--ty-navy-500
"rgba(5, 33, 58, .2)",--ty-navy-800
"rgba(5,19,31,.05)",--ty-navy-900
"rgba(5,19,31,.32)",--ty-navy-900
"rgba(5,19,31,.92)",--ty-navy-900
"rgba(5,20,31,.08)",--ty-navy-900
"rgba(5,20,31,.09)",--ty-navy-900
"rgba(5,28,48,.18)",--ty-navy-900
"rgba(5,28,48,.86)",--ty-navy-900
"rgba(5,40,61,.62)",--ty-navy-800
"rgba(6, 36, 63, .14)",--ty-navy-800
"rgba(6,22,34,.68)",--ty-navy-900
"rgba(6,36,63,.05)",--ty-navy-800
"rgba(6,36,63,.1)",--ty-navy-800
"rgba(6,36,63,.12)",--ty-navy-800
"rgba(6,36,63,.2)",--ty-navy-800
"rgba(6,36,63,.72)",--ty-navy-800
"rgba(6,36,63,.78)",--ty-navy-800
"rgba(6,36,63,.84)",--ty-navy-800
"rgba(6,36,63,.86)",--ty-navy-800
"rgba(6,36,63,.9)",--ty-navy-800
"rgba(6,40,62,.58)",--ty-navy-800
"rgba(6,40,62,0)",--ty-navy-800
"rgba(6,99,106,.16)",--ty-copper-700
"rgba(6,99,106,.2)",--ty-copper-700
"rgba(7, 39, 59, .87)",--ty-navy-800
"rgba(7, 39, 70, .97)",--ty-navy-800
"rgba(7,24,37,.94)",--ty-navy-900
"rgba(7,31,49,.3)",--ty-navy-900
"rgba(7,42,71,0)",--ty-navy-800
"rgba(8, 39, 70, .16)",--ty-navy-800
"rgba(8,127,132,.45)",--ty-copper-700
"rgba(8,26,40,.965)",--ty-navy-900
"rgba(8,33,51,.08)",--ty-navy-900
"rgba(8,33,51,.2)",--ty-navy-900
"rgba(8,33,51,.72)",--ty-navy-900
"rgba(8,33,51,.91)",--ty-navy-900
"rgba(8,35,54,.04)",--ty-navy-900
"rgba(8,35,54,.13)",--ty-navy-900
"rgba(8,35,54,.66)",--ty-navy-900
"rgba(8,35,54,.88)",--ty-navy-900
"rgba(8,35,58,.05)",--ty-navy-800
"rgba(8,35,58,.06)",--ty-navy-800
"rgba(8,44,82,.38)",--ty-navy-700
"rgba(8,64,88,.24)",--ty-navy-700
"rgba(9,28,42,.62)",--ty-navy-900
